Cluster,Group,Year,Lat,Lon,Location,Type,Time,Station ID,Link to paper,icon,text_color,background_color,Extra
Biodiversity,Soil,2023,60.981,-45.977,Narsaq,Soil,2023-08-18 15:35,S01 dil100,,mountain,#00382a,#06D6A0,
Biodiversity,Soil,2023,60.981,-45.977,Narsaq,Soil,2023-08-18 15:35,S02 dil100,,mountain,#00382a,#06D6A0,
Biodiversity,Soil,2023,60.981,-45.977,Narsaq,Soil,2023-08-18 15:35,S03 dil100,,mountain,#00382a,#06D6A0,
Biodiversity,Soil,2023,60.98,-45.977,Narsaq,Soil,2023-08-18 16:15,S04 dil100,,mountain,#00382a,#06D6A0,
Biodiversity,Soil,2023,60.98,-45.977,Narsaq,Soil,2023-08-18 16:15,S05 dil100,,mountain,#00382a,#06D6A0,
Biodiversity,Soil,2023,60.98,-45.977,Narsaq,Soil,2023-08-18 16:15,S06,,mountain,#00382a,#06D6A0,
Biodiversity,Soil,2023,60.98,-45.978,Narsaq,Soil,2023-08-18 16:38,S07,,mountain,#00382a,#06D6A0,
Biodiversity,Soil,2023,60.98,-45.978,Narsaq,Soil,2023-08-18 16:38,S08,,mountain,#00382a,#06D6A0,
Biodiversity,Soil,2023,60.98,-45.978,Narsaq,Soil,2023-08-18 16:38,S09,,mountain,#00382a,#06D6A0,
Biodiversity,Soil,2023,60.956,-46.02,Narsaq,Soil,2023-08-19 17:16,S10 dil100,,mountain,#00382a,#06D6A0,
Biodiversity,Soil,2023,60.956,-46.02,Narsaq,Soil,2023-08-19 17:16,S11,,mountain,#00382a,#06D6A0,
Biodiversity,Soil,2023,60.956,-46.02,Narsaq,Soil,2023-08-19 17:16,S12,,mountain,#00382a,#06D6A0,
Biodiversity,Soil,2023,60.955,-46.021,Narsaq,Soil,2023-08-19 17:57,S13,,mountain,#00382a,#06D6A0,
Biodiversity,Soil,2023,60.955,-46.021,Narsaq,Soil,2023-08-19 17:57,S14,,mountain,#00382a,#06D6A0,
Biodiversity,Soil,2023,60.955,-46.021,Narsaq,Soil,2023-08-19 17:57,S15,,mountain,#00382a,#06D6A0,
Biodiversity,Soil,2023,60.954,-46.023,Narsaq,Soil,2023-08-19 18:35,S16,,mountain,#00382a,#06D6A0,
Biodiversity,Soil,2023,60.954,-46.023,Narsaq,Soil,2023-08-19 18:35,S17,,mountain,#00382a,#06D6A0,
Biodiversity,Soil,2023,60.954,-46.023,Narsaq,Soil,2023-08-19 18:35,S18,,mountain,#00382a,#06D6A0,
Biodiversity,Soil,2023,60.972,-45.052,Igaliku,Soil,2023-05-28,S20,,mountain,#00382a,#06D6A0,
Biodiversity,Soil,2023,61.005,-45.407,Igaliku,Soil,2023-06-03,S21,,mountain,#00382a,#06D6A0,
Biodiversity,Soil,2023,60.909,-45.237,Igaliku,Soil,2023-05-31,S22,,mountain,#00382a,#06D6A0,
Biodiversity,Soil,2023,60.909,-45.235,Igaliku,Soil,2023-05-31,S23,,mountain,#00382a,#06D6A0,
Biodiversity,Soil,2023,61.022,-45.384,Igaliku,Soil,2023-06-05,S24,,mountain,#00382a,#06D6A0,
Biodiversity,Soil,2023,60.91,-45.234,Igaliku,Soil,2023-05-31,S25,,mountain,#00382a,#06D6A0,
Biodiversity,Soil,2022,61.022,-45.403,Igaliku,Soil,2022-08-26,S26,,mountain,#00382a,#06D6A0,
Biodiversity,Soil,2022,61.004,-45.409,Igaliku,Soil,2022-08-26,S27,,mountain,#00382a,#06D6A0,
Biodiversity,Soil,2022,60.912,-45.244,Igaliku,Soil,2022-08-27,S28,,mountain,#00382a,#06D6A0,
Biodiversity,Soil,2022,60.909,-45.256,Igaliku,Soil,2022-08-27,S29 dil100,,mountain,#00382a,#06D6A0,
Biodiversity,Soil,2022,61.197,-45.337,Igaliku,Soil,2022-08-30,S30,,mountain,#00382a,#06D6A0,
Biodiversity,Freshwater,2023,60.977,-45.05,Igaliku,Freshwater,2023-05-28,IG11,,droplet,#00382a,#06D6A0,
Biodiversity,Freshwater,2023,60.97,-45.055,Igaliku,Freshwater,2023-05-28,IG12,,droplet,#00382a,#06D6A0,
Biodiversity,Freshwater,2023,60.892,-45.271,Igaliku,Freshwater,2023-05-29,IG13,,droplet,#00382a,#06D6A0,
Biodiversity,Freshwater,2023,61.022,-45.383,Igaliku,Freshwater,2023-06-05,IG14,,droplet,#00382a,#06D6A0,
Biodiversity,Freshwater,2023,61.31,-45.693,Qajuuttap Sermia,Freshwater,2023-08-09 15:00,Fw01,,droplet,#00382a,#06D6A0,
Biodiversity,Freshwater,2023,61.321,-45.741,Qajuuttap Sermia,Freshwater,2023-08-11 11:50,Fw02,,droplet,#00382a,#06D6A0,
Biodiversity,Freshwater,2023,61.34,-45.75,Qajuuttap Sermia,Freshwater,2023-08-11 13:25,Fw03,,droplet,#00382a,#06D6A0,
Biodiversity,Freshwater,2023,61.336,-45.739,Qajuuttap Sermia,Freshwater,2023-08-11 16:05,Fw04,,droplet,#00382a,#06D6A0,
Biodiversity,Freshwater,2023,61.311,-45.703,Qajuuttap Sermia,Freshwater,2023-08-12 11:17,Fw05,,droplet,#00382a,#06D6A0,
Biodiversity,Freshwater,2023,61.31,-45.708,Qajuuttap Sermia,Freshwater,2023-08-12 11:44,Fw06,,droplet,#00382a,#06D6A0,
Biodiversity,Freshwater,2023,61.281,-45.779,Qajuuttap Sermia,Freshwater,2023-08-13 11:30,Fw07,,droplet,#00382a,#06D6A0,
Biodiversity,Freshwater,2023,61.284,-45.763,Qajuuttap Sermia,Freshwater,2023-08-13 14:39,Fw08,,droplet,#00382a,#06D6A0,
Biodiversity,Freshwater,2023,61.295,-45.751,Qajuuttap Sermia,Freshwater,2023-08-13 16:02,Fw09,,droplet,#00382a,#06D6A0,
Biodiversity,Freshwater,2023,61.313,-45.711,Qajuuttap Sermia,Freshwater,2023-08-15 09:55,Fw10,,droplet,#00382a,#06D6A0,
Biodiversity,Freshwater,2023,60.979,-45.975,Narsaq,Freshwater,2023-08-17 14:30,Fw11a,,droplet,#00382a,#06D6A0,
Biodiversity,Freshwater,2023,60.953,-46.02,Narsaq,Freshwater,2023-08-19 14:55,Fw11b,,droplet,#00382a,#06D6A0,
Biodiversity,Freshwater,2023,60.952,-46.017,Narsaq,Freshwater,2023-08-19 15:25,Fw12,,droplet,#00382a,#06D6A0,
Biodiversity,Freshwater,2023,60.948,-46.014,Narsaq,Freshwater,2023-08-19 16:05,Fw13,,droplet,#00382a,#06D6A0,
Biodiversity,Freshwater,2023,60.974,-46.009,Narsaq,Freshwater,2023-08-20 11:28,Fw14,,droplet,#00382a,#06D6A0,
Biodiversity,Freshwater,2023,60.968,-46.01,Narsaq,Freshwater,2023-08-20 12:04,Fw15,,droplet,#00382a,#06D6A0,
Biodiversity,Freshwater,2023,60.962,-46.034,Narsaq,Freshwater,2023-08-20 14:25,Fw16,,droplet,#00382a,#06D6A0,
Biodiversity,Freshwater,2023,61.204,-45.33,Narsarsuaq,Freshwater,2023-06-07,NU1,,droplet,#00382a,#06D6A0,
Biodiversity,Freshwater,2023,61.171,-45.415,Narsarsuaq,Freshwater,2023-06-08,NU2,,droplet,#00382a,#06D6A0,
Biodiversity,Freshwater,2023,61.02,-45.401,Igaliku,Freshwater,2023-06-03,IG01,,droplet,#00382a,#06D6A0,
Biodiversity,Freshwater,2023,61.004,-45.408,Igaliku,Freshwater,2023-06-03,IG03,,droplet,#00382a,#06D6A0,
Biodiversity,Freshwater,2023,60.91,-45.235,Igaliku,Freshwater,2023-05-29,IG07A,,droplet,#00382a,#06D6A0,
Biodiversity,Freshwater,2023,60.91,-45.239,Igaliku,Freshwater,2023-05-30,IG08A,,droplet,#00382a,#06D6A0,
Biodiversity,Air,2023,60.916,-46.053,Narsaq,Air,2023-06-25 11:10,A01,,wind,#00382a,#06D6A0,
Biodiversity,Air,2023,60.916,-46.053,Narsaq,Air,2023-06-26 12:37,A02,,wind,#00382a,#06D6A0,
Biodiversity,Air,2023,60.916,-46.053,Narsaq,Air,2023-06-28 09:19,A04,,wind,#00382a,#06D6A0,
Biodiversity,Air,2023,60.916,-46.053,Narsaq,Air,2023-06-29 11:48,A05,,wind,#00382a,#06D6A0,
Biodiversity,Air,2023,60.916,-46.053,Narsaq,Air,2023-07-02 12:00,A06,,wind,#00382a,#06D6A0,
Biodiversity,Air,2023,60.916,-46.053,Narsaq,Air,2023-07-04 11:51,A07,,wind,#00382a,#06D6A0,
Biodiversity,Air,2023,60.916,-46.053,Narsaq,Air,2023-07-06 11:23,A10,,wind,#00382a,#06D6A0,
Biodiversity,Air,2023,60.916,-46.053,Narsaq,Air,2023-07-08 09:48,A11,,wind,#00382a,#06D6A0,
Biodiversity,Air,2023,60.916,-46.053,Narsaq,Air,2023-07-10 11:23,A12,,wind,#00382a,#06D6A0,
Biodiversity,Air,2023,60.916,-46.053,Narsaq,Air,2023-07-12 09:55,A13,,wind,#00382a,#06D6A0,
Biodiversity,Air,2023,60.916,-46.053,Narsaq,Air,2023-07-14 11:50,A14,,wind,#00382a,#06D6A0,
Biodiversity,Air,2023,60.916,-46.053,Narsaq,Air,2023-07-16 12:40,A15,,wind,#00382a,#06D6A0,
Biodiversity,Air,2023,60.916,-46.053,Narsaq,Air,2023-07-18 11:22,A16,,wind,#00382a,#06D6A0,
Biodiversity,Air,2023,60.916,-46.053,Narsaq,Air,2023-07-20 13:53,A18,,wind,#00382a,#06D6A0,
Biodiversity,Air,2023,60.916,-46.053,Narsaq,Air,2023-07-22 10:13,A20,,wind,#00382a,#06D6A0,
Biodiversity,Air,2023,60.916,-46.053,Narsaq,Air,2023-07-24 17:23,A21,,wind,#00382a,#06D6A0,
Biodiversity,Air,2023,60.916,-46.053,Narsaq,Air,2023-07-26 15:04,A22,,wind,#00382a,#06D6A0,
Biodiversity,Air,2023,60.916,-46.053,Narsaq,Air,2023-07-28 09:35,A23,,wind,#00382a,#06D6A0,
Biodiversity,Air,2023,60.916,-46.053,Narsaq,Air,2023-07-30 14:42,A25,,wind,#00382a,#06D6A0,
Biodiversity,Air,2023,60.916,-46.053,Narsaq,Air,2023-08-01 14:32,A26,,wind,#00382a,#06D6A0,
Biodiversity,Air,2022,60.916,-46.053,Narsaq,Air,2022-08-21 19:41,A27,,wind,#00382a,#06D6A0,
Biodiversity,Air,2022,60.916,-46.053,Narsaq,Air,2022-08-22 18:30,A28,,wind,#00382a,#06D6A0,
Biodiversity,Air,2022,60.916,-46.053,Narsaq,Air,2022-08-23 18:30,A29,,wind,#00382a,#06D6A0,
Biodiversity,Air,2022,60.916,-46.053,Narsaq,Air,2022-08-24 19:45,A30,,wind,#00382a,#06D6A0,
Biodiversity,Air,2022,60.916,-46.053,Narsaq,Air,2022-08-25 17:30,A31,,wind,#00382a,#06D6A0,
Biodiversity,Air,2022,60.916,-46.053,Narsaq,Air,2022-08-26 18:30,A32,,wind,#00382a,#06D6A0,
Biodiversity,Ice,2023,61.012,-44.988,Igaliku Fjord,Ice,2023-05-28,gl2 top,,snowflake,#00382a,#06D6A0,
Biodiversity,Ice,2023,61.012,-44.988,Igaliku Fjord,Ice,2023-05-28,gl2 bot,,snowflake,#00382a,#06D6A0,
Biodiversity,Ice,2023,61.012,-44.988,Igaliku Fjord,Ice,2023-05-28,gl3 top,,snowflake,#00382a,#06D6A0,
Biodiversity,Ice,2023,61.012,-44.988,Igaliku Fjord,Ice,2023-05-28,gl3 bot,,snowflake,#00382a,#06D6A0,
Biodiversity,Ice,2023,61.313,-45.753,Qajuuttap Sermia,Ice,2023-08-10 12:00,I01,,snowflake,#00382a,#06D6A0,
Biodiversity,Ice,2023,61.313,-45.753,Qajuuttap Sermia,Ice,2023-08-10 12:00,I02,,snowflake,#00382a,#06D6A0,
Biodiversity,Ice,2023,61.339,-45.752,Qajuuttap Sermia,Ice,2023-08-11 14:05,I03,,snowflake,#00382a,#06D6A0,
Biodiversity,Ice,2023,61.339,-45.752,Qajuuttap Sermia,Ice,2023-08-11 14:05,I04,,snowflake,#00382a,#06D6A0,
Biodiversity,Ice,2023,61.339,-45.752,Qajuuttap Sermia,Ice,2023-08-11 14:05,I05,,snowflake,#00382a,#06D6A0,
Biodiversity,Ice,2023,61.339,-45.752,Qajuuttap Sermia,Ice,2023-08-11 14:05,I06,,snowflake,#00382a,#06D6A0,
Biodiversity,Ice,2023,61.339,-45.752,Qajuuttap Sermia,Ice,2023-08-11 14:15,I07,,snowflake,#00382a,#06D6A0,
Biodiversity,Ice,2023,61.339,-45.752,Qajuuttap Sermia,Ice,2023-08-11 14:15,I08,,snowflake,#00382a,#06D6A0,
Biodiversity,Ice,2023,61.339,-45.752,Qajuuttap Sermia,Ice,2023-08-11 14:35,I09,,snowflake,#00382a,#06D6A0,
Biodiversity,Ice,2023,60.989,-45.917,Narsaq,Ice,2023-07-29,I10,,snowflake,#00382a,#06D6A0,
Biodiversity,Ice,2023,60.989,-45.917,Narsaq,Ice,2023-07-29,I11,,snowflake,#00382a,#06D6A0,
Biodiversity,Ice,2023,60.986,-45.903,Narsaq,Ice,2023-07-29,I12,,snowflake,#00382a,#06D6A0,
Biodiversity,Ice,2023,60.986,-45.903,Narsaq,Ice,2023-07-29,I13,,snowflake,#00382a,#06D6A0,
Biodiversity,Ice,2023,61.309,-45.819,Qajuuttap Sermia,Ice,2023-08-06 13:30,IB1,,snowflake,#00382a,#06D6A0,
Biodiversity,Ice,2023,61.012,-44.988,Igaliku Fjord,Ice,2023-05-28,gl1 top,,snowflake,#00382a,#06D6A0,
Biodiversity,Ice,2023,61.012,-44.988,Igaliku Fjord,Ice,2023-05-28,gl1 bot,,snowflake,#00382a,#06D6A0,
Biodiversity,Marine water,2023,60.964,-46.178,Qajuuttap Sermia,Marine water,2023-08-04 12:30,Mw01,,droplet,#00382a,#06D6A0,
Biodiversity,Marine water,2023,61.063,-45.883,Qajuuttap Sermia,Marine water,2023-08-04 15:30,Mw02,,droplet,#00382a,#06D6A0,
Biodiversity,Marine water,2023,61.187,-45.85,Qajuuttap Sermia,Marine water,2023-08-04 17:25,Mw03,,droplet,#00382a,#06D6A0,
Biodiversity,Marine water,2023,61.248,-45.869,Qajuuttap Sermia,Marine water,2023-08-04 18:35,Mw04,,droplet,#00382a,#06D6A0,
Biodiversity,Marine water,2023,61.309,-45.823,Qajuuttap Sermia,Marine water,2023-08-05 13:00,Mw05,,droplet,#00382a,#06D6A0,
Biodiversity,Marine water,2023,61.307,-45.807,Qajuuttap Sermia,Marine water,2023-08-05 14:30,Mw06,,droplet,#00382a,#06D6A0,
Biodiversity,Marine water,2023,61.305,-45.792,Qajuuttap Sermia,Marine water,2023-08-05 16:20,Mw07,,droplet,#00382a,#06D6A0,
Biodiversity,Marine water,2023,61.303,-45.757,Qajuuttap Sermia,Marine water,2023-08-05 17:00,Mw08,,droplet,#00382a,#06D6A0,
Biodiversity,Marine water,2023,61.305,-45.783,Qajuuttap Sermia,Marine water,2023-08-05 19:00,Mw09,,droplet,#00382a,#06D6A0,
Biodiversity,Marine water,2023,61.308,-45.708,Qajuuttap Sermia,Marine water,2023-08-12 12:24,Mw10,,droplet,#00382a,#06D6A0,
Biodiversity,Marine water,2023,60.939,-46.054,Narsaq,Marine water,2023-08-20 16:50,Mw11,,droplet,#00382a,#06D6A0,
